url,is_ai,note,title,author
https://www.douyin.com/video/6894191650629881100,,,#国家宝藏 泱泱中华，万古江河。如日之升，如月之恒。九座享誉世界的中华文明历史文化遗产共同解答：何谓华夏？,秦始皇帝陵博物院
https://www.douyin.com/video/6896403303001804044,,,近距离走进兵马俑 #兵马俑,秦始皇帝陵博物院
https://www.douyin.com/video/6896405932620795148,,,去做你想做的事情。哪怕不值得，哪怕真的是浪费，但它就是你想做的事情。 #兵马俑#航拍秦陵,秦始皇帝陵博物院
https://www.douyin.com/video/6896780355773172995,,,不知道现在发秋景来得及不。蹭最后一波热度 #兵马俑,秦始皇帝陵博物院
https://www.douyin.com/video/6899315883378855181,,,#兵马俑 穿越秦陵的秋与冬，千里一色，万象空灵。,秦始皇帝陵博物院
https://www.douyin.com/video/6902245191030164749,,,再难走的路也有尽头，再黑暗的夜也会迎来曙光。年末雪至，送秋迎冬，致每一个努力生活的你   #2020年终笔记,秦始皇帝陵博物院
https://www.douyin.com/video/6902775877789109519,,,庆秦始皇帝陵博物院登陆#国家宝藏第三季！【#国家宝藏走进兵马俑·全明星阵容 你要pick谁】,秦始皇帝陵博物院
https://www.douyin.com/video/6904535549575449864,,,#兵马俑 讲述秦的故事，东方帝王谷：西部英雄01<记得关注看后续哦>#2020年终笔记 #小小纪录片,秦始皇帝陵博物院
https://www.douyin.com/video/6904571107173534979,,,#兵马俑 讲述秦的故事，东方帝王谷：西部英雄02<记得关注看后续哦>#2020年终笔记 #小小纪录片,秦始皇帝陵博物院
https://www.douyin.com/video/6904582479517109515,,,#兵马俑 讲述秦的故事，东方帝王谷：西部英雄04<记得关注看后续哦>#2020年终笔记 #纪录片,秦始皇帝陵博物院
https://www.douyin.com/video/6904582521342774531,,,#兵马俑 讲述秦的故事，东方帝王谷：西部英雄03<记得关注看后续哦>#2020年终笔记 #纪录片,秦始皇帝陵博物院
https://www.douyin.com/video/6904827566729776391,,,劲绝笔墨，激扬文字，#国家宝藏第三季继续记录历史之沉淀，书写文明之光辉。明晚八点半，我们相约央视！#国家宝藏,秦始皇帝陵博物院
https://www.douyin.com/video/6904830168762748173,,,今晚八点半，我们相约央视#国家宝藏第三季 相见！#国家宝藏,秦始皇帝陵博物院
https://www.douyin.com/video/6904894225830153486,,,#兵马俑 讲述秦的故事，东方帝王谷：西部英雄06<记得关注看后续哦>#2020年终笔记 #纪录片,秦始皇帝陵博物院
https://www.douyin.com/video/6904894604282236174,,,#兵马俑 讲述秦的故事，东方帝王谷：西部英雄07<记得关注看后续哦>#2020年终笔记 #纪录片,秦始皇帝陵博物院
https://www.douyin.com/video/6904894873103535368,,,劲绝笔墨，激扬文字，#国家宝藏第三季继续记录历史之沉淀，书写文明之光辉。周日晚八点半，我们相约央视！#国家宝藏,秦始皇帝陵博物院
https://www.douyin.com/video/6906645261959941390,,,#兵马俑 讲述秦的故事，东方帝王谷：西部英雄09<记得关注看后续哦>#2020年终笔记 #纪录片 #历史,秦始皇帝陵博物院
https://www.douyin.com/video/6906645302598536456,,,#兵马俑 讲述秦的故事，东方帝王谷：西部英雄08<记得关注看后续哦>#2020年终笔记 #纪录片 #历史,秦始皇帝陵博物院
https://www.douyin.com/video/6906697104580693256,,,#兵马俑 讲述秦的故事，东方帝王谷：西部英雄10<记得关注看后续哦>#2020年终笔记 #纪录片 #历史,秦始皇帝陵博物院
https://www.douyin.com/video/6908623456024186119,,,#兵马俑 讲述秦的故事，东方帝王谷：西部英雄11<记得关注看后续哦>#2020年终笔记 #纪录片 #历史,秦始皇帝陵博物院
https://www.douyin.com/video/6908623804910554375,,,#兵马俑 讲述秦的故事，东方帝王谷：西部英雄12<记得关注看后续哦>#2020年终笔记 #纪录片 #历史,秦始皇帝陵博物院
https://www.douyin.com/video/6908986569152072967,,,一年之中只有冬至天太阳可以照进来，此刻的#兵马俑。犹如活过来了一般。为我们重现2200年前的蓬勃之气#视觉震撼,秦始皇帝陵博物院
https://www.douyin.com/video/6909271934228352264,,,#兵马俑 铜车马rap#国家宝藏 #三维建模,秦始皇帝陵博物院
https://www.douyin.com/video/6909714733226544391,,,#兵马俑 讲述秦的故事，东方帝王谷：西部英雄14<记得关注看后续哦> #纪录片 #历史 #博物馆 #文物,秦始皇帝陵博物院
https://www.douyin.com/video/6909715448237968653,,,#兵马俑 讲述秦的故事，东方帝王谷：西部英雄15<记得关注看后续哦> #纪录片  #历史 #博物馆 #文物,秦始皇帝陵博物院
https://www.douyin.com/video/6909716017845374216,,,#兵马俑 讲述秦的故事，东方帝王谷：西部英雄16<记得关注看后续哦> #纪录片  #历史 #博物馆 #文物,秦始皇帝陵博物院
https://www.douyin.com/video/6909716341549272333,,,#兵马俑 讲述秦的故事，东方帝王谷：西部英雄篇完结<记得关注看后续哦> #纪录片  #历史 #博物馆 #文物,秦始皇帝陵博物院
https://www.douyin.com/video/6912308798371761422,,,这个不平凡的#2020年终总结即将过去走过阴霾，我们更坚定追寻阳光的信念新一年，致敬每一个努力生活的你#兵马俑,秦始皇帝陵博物院
https://www.douyin.com/video/6927439092414205198,,,愿新年胜旧年，愿将来胜过往。你与旧事皆无憾，来年依旧迎花开。祝大家新的一年牛气护体。拥有#牛气冲天的生活 。,秦始皇帝陵博物院
https://www.douyin.com/video/6950830552186424606,,,#兵马俑 讲述秦的故事，东方帝王谷：饮马黄河18<记得关注看后续哦>  #历史 #博物馆  #中华文化,秦始皇帝陵博物院
https://www.douyin.com/video/6950830620394261791,,,#兵马俑 讲述秦的故事，东方帝王谷：饮马黄河19<记得关注看后续哦>  #历史 #博物馆 #中华文化,秦始皇帝陵博物院
https://www.douyin.com/video/6951185024750259469,,,#兵马俑 讲述秦的故事，东方帝王谷：饮马黄河20<记得关注看后续哦>  #历史  。正在直播中点击头像观看哦。,秦始皇帝陵博物院
https://www.douyin.com/video/6951186202645024013,,,#兵马俑 讲述秦的故事，东方帝王谷：饮马黄河完结<记得关注看后续哦>  #历史  。正在直播中点击头像观看哦！,秦始皇帝陵博物院
https://www.douyin.com/video/6952687283971607821,,,#兵马俑 讲述秦的故事，东方帝王谷：江山美人第一集<记得关注看后续哦>  #历史  。正在直播中点击头像观看哦,秦始皇帝陵博物院
https://www.douyin.com/video/6953407957354827039,,,#兵马俑 讲述秦的故事，东方帝王谷：江山美人第三集<记得关注看后续哦>  #历史  。正在直播中点击头像观看哦,秦始皇帝陵博物院
https://www.douyin.com/video/6953408155413974308,,,#兵马俑 讲述秦的故事，东方帝王谷：江山美人第四集<记得关注看后续哦>  #历史  。正在直播中点击头像观看哦,秦始皇帝陵博物院
https://www.douyin.com/video/6958984510255959309,,,#兵马俑 讲述秦的故事，东方帝王谷：江山美人第六集<记得关注看后续哦>  #历史  。正在直播中点击头像观看哦,秦始皇帝陵博物院
https://www.douyin.com/video/6958985822997613861,,,#兵马俑 讲述秦的故事，东方帝王谷：江山美人第七集<记得关注看后续哦>  #历史  。正在直播中点击头像观看哦,秦始皇帝陵博物院
https://www.douyin.com/video/6961953804883430687,,,#兵马俑 讲述秦的故事，东方帝王谷：江山美人第八集<记得关注看后续哦>  #历史  。正在直播中点击头像观看哦,秦始皇帝陵博物院
https://www.douyin.com/video/6961954007791226125,,,#兵马俑 讲述秦的故事，东方帝王谷：江山美人第九集<记得关注看后续哦>  #历史  。记得点赞加关注哦！,秦始皇帝陵博物院
https://www.douyin.com/video/6963514979353955592,,,5.18#国际博物馆日日，#秦陵博物院铜车马博物馆试开放！欢迎大家参观！,秦始皇帝陵博物院
https://www.douyin.com/video/6963839456919031071,,,#兵马俑 讲述秦的故事，东方帝王谷：江山美人第十集<记得关注看后续哦>  #历史  。记得点赞加关注哦！,秦始皇帝陵博物院
https://www.douyin.com/video/6963955587893742856,,,#兵马俑雪糕 想不想吃呀。给你的这个夏天#热爱105度的你 带来丝丝凉意哟！,秦始皇帝陵博物院
https://www.douyin.com/video/6966761251309407519,,,#兵马俑 讲述秦的故事，东方帝王谷：江山美人第十一集<记得关注看后续哦>  #历史  。#国学,秦始皇帝陵博物院
https://www.douyin.com/video/6968340832512478472,,,#兵马俑 讲述秦的故事，东方帝王谷：江山美人第十四集<记得关注看后续哦>  #历史。#传统文化,秦始皇帝陵博物院
https://www.douyin.com/video/6968987250839342367,,,#兵马俑 讲述秦的故事，东方帝王谷：江山美人第十四集<记得关注看后续哦>  #历史。#传统文化 正在直播哦！,秦始皇帝陵博物院
https://www.douyin.com/video/6969025190621629726,,,世人皆知兵马俑，而在其出土的背后，更有着无数人的努力，让我们走进院史馆，回溯过往历史，见证#秦文化出土这一奇迹,秦始皇帝陵博物院
https://www.douyin.com/video/6969391535167130888,,,当#秦始皇帝陵文化遇上现代工艺,秦始皇帝陵博物院
https://www.douyin.com/video/6974675890206772510,,,清凉盛夏，“俑”你相伴，快来#秦始皇帝陵博物馆体验吧！#夏,秦始皇帝陵博物院
https://www.douyin.com/video/6983584335093878050,,,#治愈系风景 一起来晒夏日的暖阳！#旅行 ,秦始皇帝陵博物院
https://www.douyin.com/video/6984973151792794888,,,#沉浸式体验数字博物院，足不出户在家体验不一样的#秦始皇帝陵博物院 ,秦始皇帝陵博物院
https://www.douyin.com/video/6992209924495281421,,,闭馆期间不定期带你们云游#铜车马展厅。今天带来的是安车哟！#全民防疫 ,秦始皇帝陵博物院
https://www.douyin.com/video/6992210158201949453,,,闭馆期间不定期带你们云游#铜车马展厅。今天带来的是立车哟！#全民防疫 ,秦始皇帝陵博物院
https://www.douyin.com/video/6992210527053270303,,,闭馆期间不定期带你们云游#铜车马展厅。今天带你们看铜车马馆的沙盘哟！#全民防疫 ,秦始皇帝陵博物院
https://www.douyin.com/video/7008832598675836200,,,来咧！来咧！来咧！#平行时空——在希腊遇见#兵马俑，宣传片来咧！,秦始皇帝陵博物院
https://www.douyin.com/video/7010958891949296909,,,世界“豪车”换“车位”，#秦陵铜车马启运新馆 ，今晚九点半，我们#央视 十套《探索发现》不见不散哦！,秦始皇帝陵博物院
https://www.douyin.com/video/7012056465556917518,,,不去提雨，怎样描述雨很大#我慢慢听雨落下的声音#下雨天 ,秦始皇帝陵博物院
https://www.douyin.com/video/7012531656917617934,,,#秦陵铜车马启运新馆 明天新馆正式开馆哦！早上十点直播。记得来看哟！,秦始皇帝陵博物院
https://www.douyin.com/video/7012801627908230414,,,好久没见的#晴天。正在直播铜车马馆开馆。快点进来看哦！,秦始皇帝陵博物院
https://www.douyin.com/video/7013936052633160994,,,#祖国万岁 何其荣幸.生于华夏。祝大家国庆假期快乐！,秦始皇帝陵博物院
https://www.douyin.com/video/7016532744406715662,,,这个十一在#秦始皇帝陵博物院你可以看到许多许多！#每一帧都是热爱 #保持热爱奔赴山海 ,秦始皇帝陵博物院
https://www.douyin.com/video/7044801251413855523,,,闭馆不必展，居家看展览！秦始皇帝陵博物院推出“线上奕彩——数字展演”专题。第一展“纤毫重现”，200亿像素带你云游一号坑，这可能是你离兵马俑最近的一次体验。#西安加油！,秦始皇帝陵博物院
https://www.douyin.com/video/7045208164253420814,,,携手抗疫，#长安常安#防疫必胜 ,秦始皇帝陵博物院
https://www.douyin.com/video/7045208768342199589,,,#核酸检测时应注意的问题#防疫小贴士 ,秦始皇帝陵博物院
https://www.douyin.com/video/7045465870734331136,,,世界“豪车”换“车位”是一种什么样的体验？本期“线上奕彩——秦始皇帝陵博物院数字展演”系列，和大家一起来回顾一下《秦陵铜车马搬迁记》,秦始皇帝陵博物院
https://www.douyin.com/video/7046629928569261343,,,#长安 #长安常安 加油！明天会更好#医务人员最可爱 ,秦始皇帝陵博物院
https://www.douyin.com/video/7048602725180869926,,,【西安防疫志愿者新年心愿：期待游人如织，车水马龙】杨新娟是西安临潼一名防疫志愿者，主要参与社区志愿服务活动。2022年，她最大的心愿就是希望通过大家的齐心抗疫，能早日战胜疫情，让千年古都西安早日恢复常态，露出笑颜，重启游人如织、车水马龙的美好生活。同时她也很感恩家人的陪伴，感谢亲朋好友的关心挂念，谢谢生命中的每一次遇见，希望新的一年我们都平安健康，快乐幸福。#志愿者在行动 #我在岗位上 ,秦始皇帝陵博物院
https://www.douyin.com/video/7050471777968901407,,,#西安长安 穿越寒冬，我们终将相遇。（感谢视频内容提供者@瞰长安影视工作室 @xiamu（夏目） @nisir）,秦始皇帝陵博物院
https://www.douyin.com/video/7057701471491493156,,,2022冬季奥运会项目介绍,秦始皇帝陵博物院
https://www.douyin.com/video/7058793894569315592,,,“青铜之冠”铜车马系列银箔及“大秦雄风”系列银章正式发行,秦始皇帝陵博物院
https://www.douyin.com/video/7084049476331113769,,,云展览！参观秦始皇陵必看——“青铜之冠—秦陵彩绘铜车马”展，正在参评#全国十大陈列展览精品 ，史上最豪华的马车和最精彩的展示，等您来支持,秦始皇帝陵博物院
https://www.douyin.com/video/7089407342466305294,,,《走近考古》系列短视频即将推出，一起观看预告，先睹为快～#考古发掘 ,秦始皇帝陵博物院
https://www.douyin.com/video/7091086198025850126,,,《活力文博人 秦俑来打卡》#本草纲目毽子舞挑战 #刘畊宏 ,秦始皇帝陵博物院
https://www.douyin.com/video/7095942503597182239,,,我用初心守护你 掌镜30年为你打开对话历史的窗口 秦始皇帝陵博物馆 #博物馆的力量,秦始皇帝陵博物院
https://www.douyin.com/video/7096012694985166094,,,秦陵铜车马博物馆基本陈列“青铜之冠——秦陵彩绘铜车马”入围第十九届（2021年度）“全国博物馆十大陈列展览精品”终评。,秦始皇帝陵博物院
https://www.douyin.com/video/7106709639001099557,,,#秦俑出远迎“金色来客”海昏侯文物点交包装记,秦始皇帝陵博物院
https://www.douyin.com/video/7111157470692707592,,,#器物之美终归于心 #让文物抖起来以骊山青碧，迎金色海昏。,秦始皇帝陵博物院
https://www.douyin.com/video/7112335379084201223,,,#流浪猫日常 小满的快乐生活之日常篇,秦始皇帝陵博物院
https://www.douyin.com/video/7115211662789020958,0,实习生vlog 真人拍摄,中南大学外国语学院口语实习vlog之讲解岗特辑,秦始皇帝陵博物院
https://www.douyin.com/video/7115222327180184869,,,中南大学外国语学院2022年第一批志愿者上岗啦,秦始皇帝陵博物院
https://www.douyin.com/video/7115978617401658655,,,中南大学外国语学院实习日记之观众采访,秦始皇帝陵博物院
https://www.douyin.com/video/7116321000597376293,,,中南大学外国语学院口语实习vlog之问卷岗特辑,秦始皇帝陵博物院
https://www.douyin.com/video/7116710530349337886,,,中南大学外国语学院实习之检票岗特辑，来看看他们的日常工作吧！,秦始皇帝陵博物院
https://www.douyin.com/video/7117064424682294565,,,中南大学外国语学院口语实习vlog之宣摄岗特辑,秦始皇帝陵博物院
https://www.douyin.com/video/7117154836461686030,,,配合秦陵博物院精心推出的年度重要临展，社教部特别推出系列科普小视频《文物有话说》，快来关注吧！,秦始皇帝陵博物院
https://www.douyin.com/video/7117174408304807199,,,中南大学外国语学院实习vlog之知识大考查！,秦始皇帝陵博物院
https://www.douyin.com/video/7118379201605946662,,,好消息好消息。这可周末我们正式开馆啦。快来参观吧！#旅游景区 ,秦始皇帝陵博物院
https://www.douyin.com/video/7118916279259483430,,,我们的一天 Volunteer,秦始皇帝陵博物院
https://www.douyin.com/video/7119004424256621854,,,针对秦陵博物院临展特别推出的新栏目《#文物有话说》第二集来啦！,秦始皇帝陵博物院
https://www.douyin.com/video/7121607859133041951,,,针对秦陵博物院临展特别推出的新栏目《#文物有话说》第三集来啦！ ,秦始皇帝陵博物院
https://www.douyin.com/video/7123417993391918340,,,直播预告：今日13点，跟随央视新闻走进秦始皇帝陵博物院，与两尊“百戏俑”来场近距离的“云见面”，倾听它们的修复故事，领略大秦“皇家艺术团”的风采。播出平台：央视新闻客户端、@央视新闻 官方微博抖音，敬请关注！,秦始皇帝陵博物院
https://www.douyin.com/video/7124223003646364964,,,配合秦陵博物院临展特别推出的新栏目《文物有话说》第四集来啦！,秦始皇帝陵博物院
https://www.douyin.com/video/7124223438662782222,,,配合秦陵博物院临展特别推出的新栏目《文物有话说》第五集来啦！,秦始皇帝陵博物院
https://www.douyin.com/video/7129413600254446862,,,配合秦陵博物院临展特别推出的新栏目《文物有话说》第六集来啦！,秦始皇帝陵博物院
https://www.douyin.com/video/7129416088080731399,,,配合秦陵博物院临展特别推出的新栏目《文物有话说》第七集来啦！,秦始皇帝陵博物院
https://www.douyin.com/video/7130530994670636302,,,暑期#秦始皇帝陵博物院 #旅游景点小贴士,秦始皇帝陵博物院
https://www.douyin.com/video/7136387312853781792,,,#开馆啦 8月28日。秦始皇帝临博物院恢复开馆。等你们来哦！,秦始皇帝陵博物院
https://www.douyin.com/video/7139791612002979085,,,配合秦陵博物院临展特别推出的新栏目《文物有话说》第八集来啦！,秦始皇帝陵博物院
https://www.douyin.com/video/7139791760124841230,,,配合秦陵博物院临展特别推出的新栏目《文物有话说》第九集来啦！,秦始皇帝陵博物院
https://www.douyin.com/video/7139792668334247199,,,配合秦陵博物院临展特别推出的新栏目《文物有话说》第十集来啦！,秦始皇帝陵博物院
https://www.douyin.com/video/7139793095821905188,,,配合秦陵博物院临展特别推出的新栏目《文物有话说》第十一集来啦！,秦始皇帝陵博物院
https://www.douyin.com/video/7139793368007167239,,,配合秦陵博物院临展特别推出的新栏目《文物有话说》第十二集来啦！,秦始皇帝陵博物院
https://www.douyin.com/video/7139793785470373127,,,配合秦陵博物院临展特别推出的新栏目《文物有话说》第十三集来啦！,秦始皇帝陵博物院
https://www.douyin.com/video/7139794277873290510,,,配合秦陵博物院临展特别推出的新栏目《文物有话说》第十四集来啦！,秦始皇帝陵博物院
https://www.douyin.com/video/7149731623934840071,,,《青春献礼#二十大 强国有我新征程》,秦始皇帝陵博物院
https://www.douyin.com/video/7149800105753808136,,,风里雨里。十一我们在这里等你！,秦始皇帝陵博物院
https://www.douyin.com/video/7190533649794665788,,,#秦陵博物院 针对临展推出的《#文物有话说 》系列科普视频继续重磅来袭～～边疆系列展之“锦绣西域    华美之疆”新疆文物精品展第二期来啦！本次推送博物院小志愿者倾情出镜，欢迎大家关注！,秦始皇帝陵博物院
https://www.douyin.com/video/7190534061767642425,,,#秦陵博物院 针对临展推出的《#文物有话说 》系列科普视频继续重磅来袭～～边疆系列展之“锦绣西域    华美之疆”新疆文物精品展来啦！本次推送博物院小志愿者倾情出镜，欢迎大家关注！,秦始皇帝陵博物院
https://www.douyin.com/video/7190766952556563769,,,#卯兔耀中华  ，秦俑贺新春！值此新春佳节之际，秦始皇帝陵博物院恭祝大家，#新春快乐  ，#兔年大吉  ！,秦始皇帝陵博物院
https://www.douyin.com/video/7191864341535280439,0,参观须知 实拍,参观须知。春节期间大家来参观前。一定要查询好哦。以防影响参观体验哦！,秦始皇帝陵博物院
https://www.douyin.com/video/7197208196971318589,,,#秦陵博物院 针对临展推出的《文物有话说》系列科普视频继续重磅来袭～～边疆系列展之“锦绣西域    华美之疆”#新疆文物 精品展第三期来啦！,秦始皇帝陵博物院
https://www.douyin.com/video/7197209158083513658,,,#秦陵博物院 针对临展推出的《文物有话说》系列科普视频继续重磅来袭～～边疆系列展之“锦绣西域    华美之疆”#新疆文物 精品展第四期来啦！,秦始皇帝陵博物院
https://www.douyin.com/video/7197209664310824250,,,#秦陵博物 院针对临展推出的《文物有话说》系列科普视频继续重磅来袭～～边疆系列展之“锦绣西域    华美之疆”#新疆文物 精品展第五期来啦！,秦始皇帝陵博物院
https://www.douyin.com/video/7199902401468419386,,,#秦陵博物院 针对临展推出的《文物有话说》系列科普视频继续重磅来袭～～边疆系列展之“锦绣西域    华美之疆”#新疆文物 精品展第六期来啦,秦始皇帝陵博物院
https://www.douyin.com/video/7199902544787688759,,,#秦陵博物院 针对临展推出的《文物有话说》系列科普视频继续重磅来袭～～边疆系列展之“锦绣西域    华美之疆”#新疆文物  精品展第七期来啦,秦始皇帝陵博物院
https://www.douyin.com/video/7199902721195904293,,,当“#世界第八大奇迹 ”遇见#春晚 “出圈”#文物,秦始皇帝陵博物院
https://www.douyin.com/video/7212456023792192827,,,#秦陵博物院  针对临展推出的《文物有话说》系列科普视频继续重磅来袭～～边疆系列展之“锦绣西域    华美之疆”#新疆文物   精品展第八期来啦,秦始皇帝陵博物院
https://www.douyin.com/video/7212456541071494456,,,#秦陵博物院  针对临展推出的《文物有话说》系列科普视频继续重磅来袭～～边疆系列展之“锦绣西域    华美之疆”#新疆文物   精品展第九期来啦,秦始皇帝陵博物院
https://www.douyin.com/video/7212457163074129209,,,#秦陵博物院  针对临展推出的《文物有话说》系列科普视频继续重磅来袭～～边疆系列展之“锦绣西域    华美之疆”#新疆文物   精品展第十期来啦,秦始皇帝陵博物院
https://www.douyin.com/video/7212457767154584892,,,#秦陵博物院  针对临展推出的《文物有话说》系列科普视频继续重磅来袭～～边疆系列展之“锦绣西域    华美之疆”#新疆文物   精品展第十一期来啦,秦始皇帝陵博物院
https://www.douyin.com/video/7212458190934494520,,,#秦陵博物院  针对临展推出的《文物有话说》系列科普视频继续重磅来袭～～边疆系列展之“锦绣西域    华美之疆”#新疆文物   精品展第十二期来啦,秦始皇帝陵博物院
https://www.douyin.com/video/7212458541406244156,,,#秦陵博物院  针对临展推出的《文物有话说》系列科普视频继续重磅来袭～～边疆系列展之“锦绣西域    华美之疆”#新疆文物   精品展第十三期来啦,秦始皇帝陵博物院
https://www.douyin.com/video/7212458847829642552,,,#秦陵博物院  针对临展推出的《文物有话说》系列科普视频继续重磅来袭～～边疆系列展之“锦绣西域    华美之疆”#新疆文物   精品展第十四期来啦,秦始皇帝陵博物院
https://www.douyin.com/video/7212459294728408381,,,#秦陵博物院  针对临展推出的《文物有话说》系列科普视频继续重磅来袭～～边疆系列展之“锦绣西域    华美之疆”#新疆文物   精品展第十五期来啦,秦始皇帝陵博物院
https://www.douyin.com/video/7220228172527242554,,,#秦陵博物院针对临展推出的《文物有话说》系列科普视频继续重磅来袭～～边疆系列展之“锦绣西域    华美之疆”#新疆文物精品展第十六期来啦,秦始皇帝陵博物院
https://www.douyin.com/video/7220228372511657277,,,#秦陵博物院针对临展推出的《文物有话说》系列科普视频继续重磅来袭～～边疆系列展之“锦绣西域    华美之疆”#新疆文物 精品展第十七期来啦,秦始皇帝陵博物院
https://www.douyin.com/video/7220596247676112188,,,#秦陵博物院 针对临展推出的《文物有话说》系列科普视频继续重磅来袭～～边疆系列展之“锦绣西域    华美之疆”#新疆文物精品展第十八期来啦,秦始皇帝陵博物院
https://www.douyin.com/video/7221921764585049402,,,#415国家安全日宣传周 。国家安全，人人有责。,秦始皇帝陵博物院
https://www.douyin.com/video/7225884387018034488,,,五一来“秦始皇帝陵博物院”记得要：“分时预约，错峰参观，提前规划，舒心畅游”。,秦始皇帝陵博物院
https://www.douyin.com/video/7226178413294341437,,,五一来“#秦始皇帝陵博物院 ”记得要：“分时预约，错峰参观，提前规划，舒心畅游”。看直播。再出行。,秦始皇帝陵博物院
https://www.douyin.com/video/7226261493560397116,,,五一来“#秦始皇帝陵博物院  ”记得要：“分时预约，错峰参观，提前规划，舒心畅游”。看直播。再出行。,秦始皇帝陵博物院
https://www.douyin.com/video/7226634762708929849,,,五一来“#秦始皇帝陵博物院   ”记得要：“分时预约，错峰参观，提前规划，舒心畅游”。看直播。再出行。#西安旅游,秦始皇帝陵博物院
https://www.douyin.com/video/7227100163549007164,,,“五一”假日第一天，请按照预约时段参观秦始皇帝陵博物院。,秦始皇帝陵博物院
https://www.douyin.com/video/7227384140558110007,,,“#五一 ”#假日第一天 ，请按照预约时段参观#秦始皇帝陵博物院 。,秦始皇帝陵博物院
https://www.douyin.com/video/7228039814598200631,,,五一来“#秦始皇帝陵博物院    ”记得要：“分时预约，错峰参观，提前规划，舒心畅游”。看直播。再出行。#西安旅游,秦始皇帝陵博物院
https://www.douyin.com/video/7228040177787129148,,,#五一劳动节 劳动人民最光荣。致敬所有的劳动者。祝大家劳动节快乐。,秦始皇帝陵博物院
https://www.douyin.com/video/7228054225945627941,,,五一来“#秦始皇帝陵博物院     ”记得要：“分时预约，错峰参观，提前规划，舒心畅游”。看直播。再出行。#西安旅游,秦始皇帝陵博物院
https://www.douyin.com/video/7228234039327608102,,,#五一 假期余额不多了哦，大家出行记得下查路况再出行哦。#西安旅游,秦始皇帝陵博物院
https://www.douyin.com/video/7228234776279338252,,,#五一 假期余额不多了哦，大家来#秦始皇帝陵博物院 出行记得下查路况再出行哦。#西安旅游,秦始皇帝陵博物院
https://www.douyin.com/video/7228401703324765495,,,大家来馆参观可以对应对应的路况信息避拥堵哦。,秦始皇帝陵博物院
https://www.douyin.com/video/7228509020963851577,,,#五一  假期余额不多了哦，大家来#秦始皇帝陵博物院 出行记得下查路况再出行哦。#西安旅游,秦始皇帝陵博物院
https://www.douyin.com/video/7228839928711367993,,,五一假期即将结束。大家返程路上注意安全哦。美丽西安欢迎您再来！,秦始皇帝陵博物院
https://www.douyin.com/video/7230043362991115559,,,认准官方唯二售票渠道,秦始皇帝陵博物院
https://www.douyin.com/video/7243618826405825847,,,2023年文化和自然遗产日公益教育系列活动,秦始皇帝陵博物院
https://www.douyin.com/video/7244836163100413243,0,馆长真人讲述,#东方甄选看世界 听馆长给你讲述秦俑的发掘。,秦始皇帝陵博物院
https://www.douyin.com/video/7256314546946706748,,,花开的时候。我在这里等你#花开富贵 #复古bgm,秦始皇帝陵博物院
https://www.douyin.com/video/7256621099830594871,,,还不来找宝贝聊聊天么#宝贝在干嘛 #抖in博物馆,秦始皇帝陵博物院
https://www.douyin.com/video/7256979848156040508,,,回复 @小铃儿响叮当的评论 小编很努力了#花开富贵 #向天再借五百年#抖in博物馆,秦始皇帝陵博物院
https://www.douyin.com/video/7257058124186619188,,,总要看一次秦军吧#抖in博物馆 #年少的你啊,秦始皇帝陵博物院
https://www.douyin.com/video/7257356358188649788,,,回复 @Ustinian的评论 我看看谁再说我们是灰色的#抖in博物馆,秦始皇帝陵博物院
https://www.douyin.com/video/7257728483239939328,,,1974年  #命运的齿轮开始转动   #抖yin博物馆  ,秦始皇帝陵博物院
https://www.douyin.com/video/7257814693304159528,,,ggbond被我抓来，快来一号坑找他呀。 #解救ggbond  #抖in博物馆 ,秦始皇帝陵博物院
https://www.douyin.com/video/7259292655140539663,,,千年雄师 不朽军阵 #抖in博物馆 ,秦始皇帝陵博物院
https://www.douyin.com/video/7259668454737792308,,,陕西娃亮相了 #抖in博物馆 ,秦始皇帝陵博物院
https://www.douyin.com/video/7259932785282927907,,,轻舟已过万重山 #丽山园  #抖in博物馆  #长安三万里 ,秦始皇帝陵博物院
https://www.douyin.com/video/7260025293606341923,,,大家来参观的时候记得还有丽山园要去参观哦。铜车马可是在哪里展出的哦#抖in博物馆#秦陵彩绘铜车马,秦始皇帝陵博物院
https://www.douyin.com/video/7260410214665571619,,,给你变个身 #抖in博物馆 ,秦始皇帝陵博物院
https://www.douyin.com/video/7261808843871538467,,,放假就要出来一起出来玩耍呀 #抖in博物馆 ,秦始皇帝陵博物院
https://www.douyin.com/video/7262153264261516596,,,八一建军节快乐 #建军节快乐  #抖in博物馆 ,秦始皇帝陵博物院
https://www.douyin.com/video/7264384023760309504,,,带你们领略军阵的魅力 #抖in博物馆 ,秦始皇帝陵博物院
https://www.douyin.com/video/7309402873480137994,1,标题: AI拟人/AI艺术家,数字物物馆 #人人都是AI艺术家  #当博物馆宝藏玩起了AI拟人  #抖in博物馆  领略AI#秦始皇帝陵博物馆  的震撼，加入这场穿梭之旅。,秦始皇帝陵博物院
https://www.douyin.com/video/7321629782746074406,,,#秦陵博物院 针对临展推出的《文物有话说》系列科普视频继续重磅来袭～“问蜀——东周时期的蜀文化特展”欢迎大家关注,秦始皇帝陵博物院
https://www.douyin.com/video/7324154870091533578,,,生气了，让你们自己猜#抖in博物馆 #天天生气跺脚,秦始皇帝陵博物院
https://www.douyin.com/video/7371726832527248650,,,秦风湘韵 5月20日下午，国防科技大学附属中学迎来了一场别开生面的文化盛宴——“秦风湘韵”主题活动。此次活动是秦始皇帝陵博物院首次与长沙博物馆携手，以陕西西安秦风唐韵璀璨文化为主题，联动长沙博物馆“花月醉雕鞍”特展，旨在通过西安—长沙，跨省域联合开展博物馆进校园活动，传播中华优秀历史文化。,秦始皇帝陵博物院
https://www.douyin.com/video/7372370110943726899,,,“秦”学好问 5.18秦始皇帝陵博物院特别活动#抖in博物馆,秦始皇帝陵博物院
https://www.douyin.com/video/7375123597943262516,0,诗朗诵 真人,请让我们守护你，诗朗诵 古今一脉，文韵悠长！我国百万年的人类史、一万年的文化史、五千多年的文明史中留下了熠熠生辉的陕西足迹，反映了中华文明从未中断的历史，堪称华夏一族繁衍发展的缩影。文化遗产，犹如历史长河中的璀璨明珠，承载着中华民族的智慧与精神。加强文化遗产保护传承，弘扬中华优秀传统文化，是我们每个人的责任。让我们共同努力，让这些宝贵的文化遗产在新时代绽放光彩，为中华民族的伟大复兴注入强大的精神动力。,秦始皇帝陵博物院
https://www.douyin.com/video/7376483787548445989,,,欧洲旅行商团参观 #秦始皇帝陵博物院 #抖in博物馆,秦始皇帝陵博物院
https://www.douyin.com/video/7383975973433265418,,,博物院近期正在对展厅设施与环境开展提升改造，部分区域有围挡并调整了展厅开放区域，主要涉及兵马俑展厅和文物陈列厅。,秦始皇帝陵博物院
https://www.douyin.com/video/7384264847854161162,,,#把林更新硬转到全国各地 硬转场#林更新也是闯进转场赛道了 #文旅转场 要不要考虑来一下,秦始皇帝陵博物院
https://www.douyin.com/video/7384622786507050291,,,#全国各地的转场都在这里了 茂茂。到长安了。带你去看秦俑军阵。#秦始皇帝陵博物院,秦始皇帝陵博物院
https://www.douyin.com/video/7385449940366953779,1,"标题: AI兵马俑男团, 通义EMO技术",AI让兵马俑唱上了中国最早的摇滚？ AI让兵马俑唱上了中国最早的摇滚？依托国产通义EMO技术，沉睡2000多年的AI兵马俑男团用一嗓华阴老腔原地出道！今晚20:00档，锁定总台#2024中国AI盛典 CCTV-1、央视频、央视网，一起见证！,秦始皇帝陵博物院
https://www.douyin.com/video/7402793019805535525,,,菌子吃多了！我好像听见文物说话了？！ #抖in博物馆 #历史圈是要在抖音考研吗 #显眼包 @西安碑林博物馆  @法门寺博物馆 @秦始皇帝陵博物院 @荆州文旅,秦始皇帝陵博物院
https://www.douyin.com/video/7410590407089802506,,,秦宫乐舞的千年回响 秦始皇陵里也有“杂技团”百戏是古代散乐杂技的统称，包括扛鼎、寻橦、角力、俳优等。在秦陵东南部内外城垣之间的陪葬坑内，出土了三十余件形态各异的陶俑个体。它们动作有直立状、双手卷衣状、一手叉腰一手高举、双腿弓箭步、半跪状等，模拟古代百戏娱乐的场景，故这些陶俑也被称作“百戏俑”。在兵马俑考古发掘50周年之际，新华网带你走近沉睡2200多年的百戏俑，感受百戏乐舞的盛况与大秦帝国多彩娱乐生活的一角。,秦始皇帝陵博物院
https://www.douyin.com/video/7411370127343570185,0,央视专访 真人,"对话山海  岂曰无衣，与子同袍： 与兵马俑“牵手”的第50年 我们，是历史的见证者，‌是岁月的守望者。每一件秦俑，都承载着厚重的历史与文化，诉说着古老中国的故事。五十年前，‌一锄惊天下，让沉睡两千多年的庞大“地下军团”，穿越历史长河，‌重现人间。‌他们排列整齐，‌气势恢宏，让人们‌仿佛能听到那远古的战鼓声，感受到那股来自千年前的磅礴气势。
秦文化是中华文化的根脉之一，对我国大一统国家的形成、中华民族共同体意识的孕育，产生了开创性、奠基性的影响。作为大秦文化最具代表性的文物遗宝，兵马俑不仅是古代文明的物质文化遗产，也是中华民族精神文化传承的重要载体。
半个世纪以来，‌我们共同见证了兵马俑从神秘的面纱下逐渐显露真容，‌到成为中华文明的璀璨瑰宝，‌再到向全世界展示其独特魅力的辉煌历程。在秦兵马俑考古发掘50周年之际，《对话山海》栏目带您走进秦始皇帝陵博物院，专访秦始皇帝陵博物院党委书记、院长李岗，探秘“世界第八大奇迹”兵马俑考古发掘、文物保护背后的故事，畅谈文博领域的新趋势、新热点、新内容，‌共同探寻中华文明的魅力与智慧。
《对话山海》是新华网打造的一档高端对话栏目，聚焦文旅融合重点领域，邀请文博、演艺、旅游等行业名人大咖，深入解读文旅行业新现象、新机遇、新发展；探索“文旅+”的正确打开方式，为文旅“热经济”提供“冷思考”；助力文旅融合开辟一条更深层、更精细、更持久的发展路径。‌‌",秦始皇帝陵博物院
https://www.douyin.com/video/7411816425922252070,0,考古发掘50周年仪式直播,秦兵马俑考古发掘五十周年 明早九点仪式直播。不见不散哦~,秦始皇帝陵博物院
https://www.douyin.com/video/7420251206250925347,,,生在红旗下，长在春风里 祝祖国母亲，生日快乐#各地文旅为祖国庆生,秦始皇帝陵博物院
https://www.douyin.com/video/7444086741037747496,,,#长城两边是故乡——内蒙古文物菁华展 第一期 秦陵博物院针对临展推出的《文物有话说》系列科普视频继续重磅来袭~#长城两边是故乡——内蒙古文物菁华展 第一期来啦！,秦始皇帝陵博物院
https://www.douyin.com/video/7444087927287713064,,,#长城两边是故乡——内蒙古文物菁华展 第三期 秦陵博物院针对临展推出的《文物有话说》系列科普视频继续重磅来袭~#长城两边是故乡——内蒙古文物菁华展 第三期来啦！,秦始皇帝陵博物院
https://www.douyin.com/video/7444088219211173120,,,#长城两边是故乡——内蒙古文物菁华展# 第二期 秦陵博物院针对临展推出的《文物有话说》系列科普视频继续重磅来袭~#长城两边是故乡——内蒙古文物菁华展 第二期来啦！,秦始皇帝陵博物院
https://www.douyin.com/video/7448068875083648268,1,#即梦AI,入冬了，天冷了。该加衣服了。 下雪了。张万森你看到了么。#一年一度文物暖暖入冬#抖in博物馆   #抖音热点记忆2024   #即梦AI,秦始皇帝陵博物院
https://www.douyin.com/video/7449608196588719372,,,天冷了，我来提醒大家记得穿秋裤哦 #一年一度文物暖暖入冬  #抖音热点记忆2024  #抖in博物馆,秦始皇帝陵博物院
https://www.douyin.com/video/7451889709011176741,,,跨越千年给你一个爱的拥抱 #一年一度文物抱抱大会  #抖音热点记忆2024  #抖in博物馆,秦始皇帝陵博物院
https://www.douyin.com/video/7452580310786608436,1,#即梦ai 阿卡贝拉,值此新年之际，携手各位兵马俑给大家献唱一首阿卡贝拉~ #全国文物年会大赏  #抖音热点记忆2024  #抖in博物馆  #抖音美好跨年季  #即梦ai,秦始皇帝陵博物院
https://www.douyin.com/video/7461464945096543499,0,兵马俑松鼠 实拍,可可爱爱来看展览#兵马俑松鼠,秦始皇帝陵博物院
https://www.douyin.com/video/7464453267536334107,,,#抖音新春特别会 全世界都向你发来恭喜发财祝福，快跟着一起吸吸财气吧！#欢笑中国年,秦始皇帝陵博物院
https://www.douyin.com/video/7464508293176757545,,,新春参观兵马俑预约购票。看五十年考古发现展 #抖in博物馆 #兵马俑,秦始皇帝陵博物院
https://www.douyin.com/video/7464892668808695078,,,秦始皇帝陵博物院祝大家春节快乐，蛇年大吉。 #抖in博物馆 #蛇年大吉,秦始皇帝陵博物院
https://www.douyin.com/video/7464989202468457765,,,兵马俑给您拜年了。新年看兵马俑，逛地下军阵展览 #抖in博物馆  #蛇年大吉,秦始皇帝陵博物院
https://www.douyin.com/video/7465365242835455269,,,博物馆里过大年。秦始皇帝陵博物院祝大家新年快乐 #抖in博物馆  #蛇年大吉,秦始皇帝陵博物院
https://www.douyin.com/video/7465675123073240371,,,博物馆里过大年，带你领略地下军团雄姿！ #抖in博物馆  #蛇年大吉,秦始皇帝陵博物院
https://www.douyin.com/video/7466088586991897865,,,给您拜年啦~~ #抖in博物馆  #蛇年大吉,秦始皇帝陵博物院
https://www.douyin.com/video/7498959261700705577,,,【#秦始皇帝陵多项考古研究成果首次披露】骊山之阿，埋藏哪些秦王朝之谜？地下军团，秦军何以所向披靡？封土之侧，揭示了秦朝怎样的历史风貌？千年风雨，帝陵是否安然无恙？天下一统，看辉煌大秦如何承前启后？寻根探源，叩问来处！5月1日至5月5日22:30档，总台央视综合频道（CCTV-1）《寻古中国·探秘秦始皇陵》系列，敬请期待！,秦始皇帝陵博物院
https://www.douyin.com/video/7505396478412688659,,,再忙也要按时吃饭 国际博物馆日，秦始皇帝陵博物院文物界顶流们纷纷跨界，化身舌尖上的文物，一起好好吃饭～ #好好吃饭大赛  #号召全网用美食复刻我国文物,秦始皇帝陵博物院
https://www.douyin.com/video/7556053433246043434,,,中秋遇国庆 ，自驾高速游正当时！一路纵享现代交通的顺畅，一路溯源千年触摸秦朝脉络，看秦军雄风依旧——这份兼顾速度与历史的游览指南，你了解清楚了吗？@陕西高速智慧出行 带您一起了解,秦始皇帝陵博物院
https://www.douyin.com/video/7581305531336330532,,,属于我们的故事闪耀着每一天 #五花八门 #张信哲 #抖in博物馆,秦始皇帝陵博物院
https://www.douyin.com/video/7581719753589280042,,,解开我，最神秘的面纱 #有俑有谋 #神话 #五花八们  #抖in博物馆,秦始皇帝陵博物院
https://www.douyin.com/video/7583929364308315455,,,答应我再见面还记得我的名字好么~ #张信哲 #抖in博物馆 #这世的名字,秦始皇帝陵博物院
https://www.douyin.com/video/7585002199122578742,,,寻找秦的踪迹，走进秦始皇帝陵博物院 #寻秦记 #抖in博物馆#古天乐,秦始皇帝陵博物院
https://www.douyin.com/video/7593252762511559990,,,还有哪里你没去过的呢。那必然是秦始皇帝陵博物院。 #电影寻秦记 #抖in博物馆 #天命最高,秦始皇帝陵博物院
